,TIC,TESS_sector,Period,error,FAP
0,267802440.0,17.0,2.166915200131058,0.0006845016221408075,0.0
